{"mem": 9.066992282867432, "ellipse_time": 5136.0955975055695, "num_GS": 8132755}