{
  "ply_path": "/work/pi_rsitaram_umass_edu/tungi/lstvgs/results/rubble_citygs_merged_v11/merged.ply",
  "n_test_views": 21,
  "n_gaussians": 3303961,
  "psnr": 21.973483631546557,
  "ssim": 0.7233619938294092,
  "lpips": 0.3211522109451748,
  "per_image_psnr": [
    7.519850156509324,
    21.640307887653037,
    21.787054638868195,
    20.169655201216088,
    21.2162683934871,
    21.573973618171397,
    22.184952028766098,
    18.712426691586185,
    23.28440381473506,
    19.508267033056313,
    26.577646123282896,
    21.757233181106503,
    22.647101394074202,
    26.68213631818604,
    22.908257267580336,
    26.141178655357496,
    21.741553053523614,
    24.14150868145662,
    22.492030392375177,
    23.815040097757553,
    24.942311633728508
  ],
  "per_image_ssim": [
    0.1509859412908554,
    0.7065531611442566,
    0.7395826578140259,
    0.7571197748184204,
    0.7620483040809631,
    0.7559353709220886,
    0.8135210871696472,
    0.5737857818603516,
    0.7020875811576843,
    0.6179952025413513,
    0.8378086686134338,
    0.7977795600891113,
    0.8272428512573242,
    0.8563867211341858,
    0.7900397181510925,
    0.808287501335144,
    0.7453593015670776,
    0.747600257396698,
    0.6880009174346924,
    0.7341899871826172,
    0.7782915234565735
  ],
  "per_image_lpips": [
    0.8426083326339722,
    0.31730878353118896,
    0.2928934097290039,
    0.2611173987388611,
    0.27766725420951843,
    0.30943652987480164,
    0.2503055930137634,
    0.40946677327156067,
    0.3854610323905945,
    0.2743236720561981,
    0.23331192135810852,
    0.2158210575580597,
    0.19509024918079376,
    0.18422049283981323,
    0.3134974241256714,
    0.2904094159603119,
    0.3378920257091522,
    0.3712463974952698,
    0.38090333342552185,
    0.3132338523864746,
    0.28798148036003113
  ]
}