{"mem": 12.497946739196777, "ellipse_time": 4563.560364484787, "num_GS": 7407408}