{"mem": 1.6002402305603027, "ellipse_time": 962.149959564209, "num_GS": 1392244}