{
  "ply_path": "results/rubble_citygs_gsplat_oracle/blocks/block_000/ply/point_cloud_29999.ply",
  "n_test_views": 21,
  "n_gaussians": 7831533,
  "psnr": 17.422288140532125,
  "ssim": 0.4723135658672878,
  "lpips": 0.4669729850831486,
  "per_image_psnr": [
    8.303857356848518,
    11.249896314040743,
    10.21868274892464,
    15.35591863962364,
    9.765139333917963,
    18.495573524588668,
    16.855101795764796,
    15.612981191739248,
    15.448746003838561,
    20.217147739742988,
    32.965003275346206,
    24.284953754509928,
    31.29279501638694,
    32.26512340186934,
    18.40755547190896,
    17.433830768940833,
    14.361198321418005,
    13.518153288408367,
    13.120403967416596,
    15.78993413827703,
    10.9060548976626
  ],
  "per_image_ssim": [
    0.15971219539642334,
    0.21194441616535187,
    0.19169220328330994,
    0.335178017616272,
    0.14309750497341156,
    0.5150101780891418,
    0.6436328887939453,
    0.4530428647994995,
    0.3079727292060852,
    0.7119500637054443,
    0.9352338910102844,
    0.8209109902381897,
    0.9271753430366516,
    0.9363438487052917,
    0.7434402108192444,
    0.40276479721069336,
    0.2915937006473541,
    0.36002883315086365,
    0.2613646388053894,
    0.3093462288379669,
    0.257149338722229
  ],
  "per_image_lpips": [
    0.815732479095459,
    0.651664137840271,
    0.6796571612358093,
    0.4718253016471863,
    0.7086629271507263,
    0.3716898262500763,
    0.3438950777053833,
    0.44140374660491943,
    0.509117066860199,
    0.20955073833465576,
    0.08473890274763107,
    0.14841808378696442,
    0.08438688516616821,
    0.08882124722003937,
    0.25555238127708435,
    0.485498309135437,
    0.5965701341629028,
    0.7442044615745544,
    0.7236952781677246,
    0.6477372646331787,
    0.7436112761497498
  ]
}