{"mem": 11.721502780914307, "ellipse_time": 4133.706890821457, "num_GS": 6329989}