{"mem": 1.0142812728881836, "ellipse_time": 688.7068514823914, "num_GS": 866113}