{"mem": 13.749884128570557, "ellipse_time": 5465.438683271408, "num_GS": 8783370}