{"mem": 12.121425151824951, "ellipse_time": 4824.487226724625, "num_GS": 7831533}