{"mem": 2.8143701553344727, "ellipse_time": 1580.797304391861, "num_GS": 2469436}