{"mem": 9.019868850708008, "ellipse_time": 5191.375091552734, "num_GS": 8132755}