{
  "ply_path": "/work/pi_rsitaram_umass_edu/tungi/lstvgs/results/rubble_lapis_lod/merged_lod2.ply",
  "n_test_views": 21,
  "n_gaussians": 12114777,
  "psnr": 20.05740737780823,
  "ssim": 0.6508374710877737,
  "lpips": 0.4307204910687038,
  "per_image_psnr": [
    15.496678751454665,
    20.583148076636057,
    20.806007976377046,
    15.75484401972745,
    18.495195955139415,
    20.43554216550108,
    20.857546640277278,
    18.173688585109286,
    21.283219192728914,
    13.739900946695712,
    26.848155270683716,
    24.40213402864508,
    19.804399525380724,
    22.64973198967759,
    24.548866396452492,
    25.60982430053219,
    14.422998597015535,
    23.705675832435006,
    18.245264352364362,
    17.3783202818142,
    17.96441204932499
  ],
  "per_image_ssim": [
    0.40456369519233704,
    0.6693120002746582,
    0.6842910051345825,
    0.6010816097259521,
    0.5700185894966125,
    0.7148088216781616,
    0.7029892206192017,
    0.5780237913131714,
    0.6705591678619385,
    0.4674251079559326,
    0.7883219718933105,
    0.7591105699539185,
    0.6848478317260742,
    0.770348846912384,
    0.7670288681983948,
    0.751447856426239,
    0.5576513409614563,
    0.7542465329170227,
    0.5293930172920227,
    0.620530366897583,
    0.6215866804122925
  ],
  "per_image_lpips": [
    0.5632846355438232,
    0.39813336730003357,
    0.3994556963443756,
    0.38302940130233765,
    0.46519720554351807,
    0.404220849275589,
    0.3837381601333618,
    0.46024107933044434,
    0.4564764201641083,
    0.507133960723877,
    0.3580145835876465,
    0.3419417440891266,
    0.37981289625167847,
    0.3383539021015167,
    0.3948824107646942,
    0.3838306963443756,
    0.5169366002082825,
    0.42059004306793213,
    0.5450100302696228,
    0.44582393765449524,
    0.4990226924419403
  ]
}