{"mem": 12.967723846435547, "ellipse_time": 5063.925668954849, "num_GS": 8192774}