{"mem": 9.02415943145752, "ellipse_time": 5347.871480703354, "num_GS": 8132755}