{"mem": 12.71315050125122, "ellipse_time": 5038.477931261063, "num_GS": 7843281}