{"mem": 1.619734764099121, "ellipse_time": 1060.5122666358948, "num_GS": 1416342}