{"mem": 12.586717128753662, "ellipse_time": 5011.276458740234, "num_GS": 7852506}