{"mem": 0.8700613975524902, "ellipse_time": 696.5670692920685, "num_GS": 746764}