{
  "ply_path": "/work/pi_rsitaram_umass_edu/tungi/lstvgs/results/rubble_lapis_lod/merged_lod3.ply",
  "n_test_views": 21,
  "n_gaussians": 18720127,
  "psnr": 20.1338816327931,
  "ssim": 0.706747408424105,
  "lpips": 0.3785283338455927,
  "per_image_psnr": [
    15.528288102336003,
    21.674912897182764,
    22.691253013781445,
    16.306408510567515,
    19.423569758348936,
    19.26873245544658,
    19.767972772135735,
    18.091826967171077,
    22.002476654560056,
    14.221912571055942,
    28.877662798143675,
    25.73066852980527,
    17.420383675911815,
    23.15601950476868,
    23.55067244827756,
    26.622530975374943,
    13.241247883816168,
    25.411984944254694,
    17.898437913267404,
    15.908921913615382,
    16.015629998833447
  ],
  "per_image_ssim": [
    0.4069089889526367,
    0.774267852306366,
    0.7861512899398804,
    0.691300094127655,
    0.687153697013855,
    0.7571237683296204,
    0.7532969117164612,
    0.6104460954666138,
    0.7422226071357727,
    0.48604270815849304,
    0.8797282576560974,
    0.8453662395477295,
    0.7448479533195496,
    0.8579263687133789,
    0.8038654923439026,
    0.8390686511993408,
    0.533548891544342,
    0.8295890092849731,
    0.5379761457443237,
    0.6409648060798645,
    0.6338997483253479
  ],
  "per_image_lpips": [
    0.5545366406440735,
    0.32299527525901794,
    0.30899733304977417,
    0.32197991013526917,
    0.3808932602405548,
    0.3514411747455597,
    0.33618783950805664,
    0.45577505230903625,
    0.4023135006427765,
    0.4743656516075134,
    0.2651868462562561,
    0.25955089926719666,
    0.3242816925048828,
    0.2382340133190155,
    0.33314311504364014,
    0.30752721428871155,
    0.5171948075294495,
    0.34608760476112366,
    0.5311209559440613,
    0.4104188084602356,
    0.5068634152412415
  ]
}