{"mem": 2.4962034225463867, "ellipse_time": 1545.2168278694153, "num_GS": 2161879}