{"mem": 2.5437064170837402, "ellipse_time": 1545.2492470741272, "num_GS": 2221683}