{
  "ply_path": "/work/pi_rsitaram_umass_edu/tungi/lstvgs/results/rubble_lapis_lod/merged_lod1.ply",
  "n_test_views": 21,
  "n_gaussians": 6556069,
  "psnr": 18.96135270173154,
  "ssim": 0.5026772235121045,
  "lpips": 0.5306399095626104,
  "per_image_psnr": [
    15.065835510780367,
    19.01160623021226,
    18.03383064148108,
    15.194728246038785,
    17.119747314199017,
    19.02944428701511,
    18.867941746670237,
    17.42259284803564,
    19.75891151933374,
    15.827925164822513,
    23.2055783881542,
    21.370108333026746,
    19.494031055468902,
    19.560447539288994,
    22.7411779176619,
    23.00446305179049,
    16.89461546517795,
    22.114813714729937,
    19.152343178194197,
    15.733749071145304,
    19.584515513134946
  ],
  "per_image_ssim": [
    0.35709086060523987,
    0.48892250657081604,
    0.47360870242118835,
    0.4377595782279968,
    0.3813270926475525,
    0.5327844023704529,
    0.500206708908081,
    0.4384624660015106,
    0.48000094294548035,
    0.45666512846946716,
    0.5879945755004883,
    0.5605237483978271,
    0.5037730932235718,
    0.5544355511665344,
    0.5814749598503113,
    0.5667397379875183,
    0.49832049012184143,
    0.6059710383415222,
    0.5031197667121887,
    0.48798179626464844,
    0.5590585470199585
  ],
  "per_image_lpips": [
    0.6132755875587463,
    0.502411961555481,
    0.5365266799926758,
    0.5111526250839233,
    0.5827195644378662,
    0.5325220823287964,
    0.5169257521629333,
    0.5419484972953796,
    0.5530472993850708,
    0.5431309342384338,
    0.49706339836120605,
    0.482180655002594,
    0.5121170282363892,
    0.5030162930488586,
    0.5152379274368286,
    0.5114595293998718,
    0.5699261426925659,
    0.5266237258911133,
    0.5480323433876038,
    0.5132063031196594,
    0.530913770198822
  ]
}