{"mem": 9.066210269927979, "ellipse_time": 5384.326574802399, "num_GS": 8132755}