{
  "ply_path": "/work/pi_rsitaram_umass_edu/tungi/lstvgs/results/rubble_lapis_lod/merged_lod0.ply",
  "n_test_views": 21,
  "n_gaussians": 2668705,
  "psnr": 17.985012051148697,
  "ssim": 0.35618126463322414,
  "lpips": 0.6190594746952965,
  "per_image_psnr": [
    14.177760407602005,
    17.710284465984074,
    15.937038143647618,
    14.058524812108095,
    16.19674338776716,
    17.287058326832515,
    17.11552630650641,
    16.263991488414867,
    18.22116292075423,
    17.78695270732731,
    20.693203228744178,
    18.962571817361923,
    19.911931863883243,
    19.858314388066702,
    20.601217497843535,
    20.87203933596042,
    16.43619378518802,
    19.302003851650802,
    19.822483116195095,
    18.836165977130307,
    17.6340852451541
  ],
  "per_image_ssim": [
    0.2838616669178009,
    0.3326849639415741,
    0.28180041909217834,
    0.2915029227733612,
    0.2419717162847519,
    0.36588558554649353,
    0.3091314733028412,
    0.3167181611061096,
    0.31998172402381897,
    0.3583759069442749,
    0.38057488203048706,
    0.36123302578926086,
    0.34392231702804565,
    0.38982442021369934,
    0.4006969630718231,
    0.39718976616859436,
    0.39891254901885986,
    0.4444735050201416,
    0.40524253249168396,
    0.4118155837059021,
    0.44400647282600403
  ],
  "per_image_lpips": [
    0.675629734992981,
    0.5824086666107178,
    0.627811074256897,
    0.6309325695037842,
    0.6668907999992371,
    0.6254203915596008,
    0.6234692335128784,
    0.6017953157424927,
    0.6325767636299133,
    0.6661416292190552,
    0.60661381483078,
    0.5888899564743042,
    0.599199652671814,
    0.6072077751159668,
    0.6276447772979736,
    0.6031705737113953,
    0.6273547410964966,
    0.6146683692932129,
    0.5934984087944031,
    0.5687245726585388,
    0.6302001476287842
  ]
}