{"mem": 9.05103349685669, "ellipse_time": 5619.382513284683, "num_GS": 8132755}