{"mem": 12.010814189910889, "ellipse_time": 4791.03648853302, "num_GS": 7500830}