{"mem": 9.05992603302002, "ellipse_time": 5632.14754986763, "num_GS": 8132755}