{"mem": 11.273902416229248, "ellipse_time": 3982.3773419857025, "num_GS": 5993161}