{
  "ply_path": "/work/pi_rsitaram_umass_edu/tungi/lstvgs/results/rubble_citygs_gsplat_oracle/merged.ply",
  "n_test_views": 21,
  "n_gaussians": 9082019,
  "psnr": 25.77744104101742,
  "ssim": 0.8318319490977696,
  "lpips": 0.2758076056128457,
  "per_image_psnr": [
    16.643471107317477,
    26.381237574410257,
    23.550670616040804,
    19.729669584314923,
    24.545922738855918,
    24.61805356527909,
    25.07271094653965,
    20.602809706217094,
    26.2280179448705,
    19.13128925854475,
    30.835267807057143,
    28.175669266136786,
    29.94733706687979,
    31.080417311041323,
    27.343408535085914,
    28.43197960591184,
    24.690152258483305,
    29.90818065509368,
    28.726805451823413,
    27.329000705157583,
    28.35419015630454
  ],
  "per_image_ssim": [
    0.5156737565994263,
    0.8709993958473206,
    0.8180823922157288,
    0.8090973496437073,
    0.8402610421180725,
    0.8547316193580627,
    0.888497531414032,
    0.7146555185317993,
    0.8359600901603699,
    0.6716873049736023,
    0.9138270616531372,
    0.8790431618690491,
    0.9082503318786621,
    0.9289600849151611,
    0.8868969082832336,
    0.8835645914077759,
    0.845882773399353,
    0.8858373165130615,
    0.8286042213439941,
    0.8438126444816589,
    0.8441458344459534
  ],
  "per_image_lpips": [
    0.48353198170661926,
    0.2554120719432831,
    0.2702537178993225,
    0.253466933965683,
    0.2810269892215729,
    0.26643049716949463,
    0.21828234195709229,
    0.3511708974838257,
    0.30862823128700256,
    0.3291979134082794,
    0.1996661126613617,
    0.21213211119174957,
    0.172230526804924,
    0.16086772084236145,
    0.2513004243373871,
    0.24888981878757477,
    0.29849931597709656,
    0.2763857841491699,
    0.3241958022117615,
    0.30291715264320374,
    0.32747337222099304
  ]
}